"Sr.","Stock Name","Symbol","Change %","LTP"
1,"India Nippon Electricals Limited","INDNIPPON",17.02,1313.3
2,"Wheels India Limited","WHEELS",13.97,2400.6
3,"Confidence Petroleum India Ltd","CONFIPET",9.9,90.66
4,"TAAL Tech Ltd","TAALTECH",7.82,4886.6
5,"Huhtamaki India Ltd","HUHTAMAKI",6.84,267.85
6,"Antelopus Selan Energy Ltd","ANTELOPUS",6.39,1169.4
7,"Va Tech Wabag Limited","WABAG",6.1,2130.9
8,"Aegis Logistics Ltd","AEGISLOG",5.94,1343.4
9,"Spectrum Electrical Industries Ltd","SPECTRUM",5,2741.6
10,"Bhagyanagar India","BHAGYANGR",5,411.65
11,"Standard Enginnering Technology Ltd","SETL",4.99,424.7
12,"Corona Remedies Ltd","CORONA",4.97,2197.2
13,"Menon Bearings Limited","MENONBE",4.96,305.5
14,"SBC Exports Ltd","SBC",4.08,48.68
15,"Fujiyama Power Systems Ltd","UTLSOLAR",3.75,451.5
16,"Artemis Medicare Services Ltd","ARTEMISMED",3.58,354.3
17,"Craftsman Automation Ltd","CRAFTSMAN",3.51,11806
18,"Panama Petrochem Limited","PANAMAPET",3.16,498.4
19,"Adani Power Limited","ADANIPOWER",3.12,214.9
20,"Tinna Rubber & Infrastructure Ltd","TINNARUBR",2.84,1047.9
21,"Shivalik Bimetal Controls Ltd","SBCL",2.83,1136.5
22,"ASK Automotive Ltd","ASKAUTOLTD",2.8,627.25
23,"Timex Group India Ltd","TIMEX",2.68,623.35
24,"Sansera Engineering Ltd","SANSERA",2.54,4135.9
25,"Aegis Vopak Terminals Ltd","AEGISVOPAK",2.41,297.65
26,"Yatharth Hospital & Trauma Care Services Ltd","YATHARTH",2.04,989.7
27,"Investment & Precision Castings Ltd","INVPRECQ",1.99,1351.3
28,"Kennametal India Ltd","KENNAMET",1.98,4746.7
29,"Acutaas Chemicals Ltd","ACUTAAS",1.88,3241.8
30,"Cupid Limited","CUPID",1.78,279.7
31,"Lumax Auto Technologies Limited","LUMAXTECH",1.77,1990.6
32,"Sai Life Sciences Ltd","SAILIFE",1.72,1675.4
33,"GNG Electronics Ltd","EBGNG",1.6,675.8
34,"TBO Tek Ltd","TBOTEK",1.57,1721.1
35,"Venus Remedies Limited","VENUSREM",1.54,1650.2
36,"Sky Gold Ltd","SKYGOLD",1.49,832.2
37,"Hitachi Energy India Ltd","POWERINDIA",1.43,31580
38,"Bajaj Consumer Care Ltd","BAJAJCON",1.43,521.45
39,"Seshaasai Technologies Ltd","STYL",1.41,388.75
40,"Shaily Engineering Plastics Ltd","SHAILY",1.39,3455
41,"GHCL Textiles Ltd","GHCLTEXTIL",1.3,133.67
42,"Mps Limited","MPSLTD",1.25,2783.4
43,"Universal Cables Limited","UNIVCABLES",1.24,1543.6
44,"Happy Forgings Ltd","HAPPYFORGE",1.18,2256.7
45,"Adani Energy Solutions Ltd","ADANIENSOL",1.11,1423.3
46,"Marine Electricals (India) Ltd","MARINE",1.1,421.05
47,"Apollo Micro Systems Ltd","APOLLO",1.09,422.45
48,"Prudent Corporate Advisory Services Ltd","PRUDENT",0.76,3302.5
49,"Vidya Wires Ltd","VIDYAWIRES",0.75,89.76
50,"Capri Global Capital Limited","CGCL",0.61,272.4
51,"FSN E-Commerce Ventures Ltd","NYKAA",0.59,343
52,"Shadowfax Technologies Ltd","SHADOWFAX",0.58,251.2
53,"Apcotex Industries Limited","APCOTEXIND",0.54,615.45
54,"Navin Fluorine International Limited","NAVINFLUOR",0.51,8775.5
55,"Virtuoso Optoelectronics Ltd","VOEPL",0.5,552.45
56,"Lloyds Metals & Energy Ltd","LLOYDSME",0.46,1807.6
57,"Sanghvi Movers Limited","SANGHVIMOV",0.42,443.05
58,"Ceigall India Ltd","CEIGALL",0.41,376.4
59,"SG Finserve Ltd","SGFIN",0.39,678.8
60,"S J S Enterprises Ltd","SJS",0.37,2295.2
61,"Titan Company Limited","TITAN",0.36,5005
62,"Welspun Corp Limited","WELCORP",0.35,2608.5
63,"Arrow Greentech Limited","ARROWGREEN",0.29,803
64,"The Federal Bank  Limited","FEDERALBNK",0.25,345
65,"Multi Commodity Exchange Of India Limited","MCX",0.24,3350
66,"Hester Biosciences Limited","HESTERBIO",0.19,2322.6
67,"Avalon Technologies Ltd","AVALON",0.14,2293.6
68,"Ador Welding Ltd","ADOR",0.12,1628.2
69,"AEROPLANE","AEROPLANE",0.08,199.47
70,"Goodluck India Limited","GOODLUCK",0.03,515.8
71,"Shriram Finance Ltd","SHRIRAMFIN",0,1029
72,"Fineotex Chemical Limited","FCL",-0.02,58.43
73,"Gujarat Industries Power Company Limited","GIPCL",-0.03,201.04
74,"Hindustan Copper Limited","HINDCOPPER",-0.1,532.3
75,"Clean Max Enviro Energy Solutions Ltd","CLEANMAX",-0.11,1397.6
76,"Karur Vysya Bank Limited","KARURVYSYA",-0.16,340.6
77,"Ipca Laboratories Limited","IPCALAB",-0.18,1963.6
78,"Nitta Gelatin India Ltd","NITTAGELA",-0.21,1667
79,"Bank Of Maharashtra Ltd","MAHABANK",-0.27,84.56
80,"Vijaya Diagnostic Centre Ltd","VIJAYA",-0.27,1498.9
81,"Sri Lotus Developers & Realty Ltd","LOTUSDEV",-0.41,197.99
82,"Quality Power Electrical Equipments Ltd","QPOWER",-0.43,1513.2
83,"Diffusion Engineers Ltd","DIFFNKG",-0.44,440.55
84,"Solar Industries India Limited","SOLARINDS",-0.45,22355
85,"Iris Clothings Ltd","IRISDOREME",-0.52,61.3
86,"Himadri Speciality Chemical Limited","HSCL",-0.54,667.05
87,"Gujarat Ambuja Exports Limited","GAEL",-0.54,166.39
88,"Macpower CNC Machines Ltd","MACPOWER",-0.55,1863.8
89,"Sona BLW Precision Forgings Ltd","SONACOMS",-0.56,799.5
90,"Emcure Pharmaceuticals Ltd","EMCURE",-0.59,1914.4
91,"Krishana Phoschem Ltd","KRISHANA",-0.6,181.93
92,"Azad Engineering Ltd","AZAD",-0.61,2805
93,"Lloyds Engineering Works Ltd","LLOYDSENGG",-0.61,81.31
94,"Dcb Bank Limited","DCBBANK",-0.63,228.1
95,"Gala Precision Engineering Ltd","GALAPREC",-0.64,1048.1
96,"Creative Newtech Ltd","CNL",-0.68,1141.4
97,"Silver Touch Technologies Ltd","SILVERTUC",-0.71,159.96
98,"Knowledge Marine & Engineering Works Ltd","KMEW",-0.72,2964
99,"Ram Ratna Wires Ltd","RAMRAT",-0.73,527.35
100,"Kalyan Jewellers India Ltd","KALYANKJIL",-0.82,607.6
101,"Talbros Automotive Components Limited","TALBROAUTO",-0.84,420.45
102,"Dynamic Cables Ltd","DYCL",-0.89,456.5
103,"Uflex Limited","UFLEX",-0.96,680.15
104,"Vadilal Industries Limited","VADILALIND",-0.96,7462
105,"Skm Egg Products Export (india) Limited","SKMEGGPROD",-0.97,250.9
106,"D.P. Abhushan Ltd","DPABHUSHAN",-0.98,1397.7
107,"Syrma SGS Technology Ltd","SYRMA",-1.02,1622.4
108,"Indo Tech Transformers Limited","INDOTECH",-1.05,3657.9
109,"Apar Industries Limited","APARINDS",-1.06,17448
110,"R R Kabel Ltd","RRKABEL",-1.17,2419.8
111,"Precision Wires India Limited","PRECWIRE",-1.22,474.35
112,"Cemindia Projects Ltd","CEMPRO",-1.25,1269.1
113,"Raghav Productivity Enhancers Ltd","RPEL",-1.29,1670.8
114,"Kddl Limited","KDDL",-1.35,3912.2
115,"Senores Pharmaceuticals Ltd","SENORES",-1.4,1488.6
116,"Radico Khaitan Limited","RADICO",-1.58,4414
117,"Somany Ceramics Limited","SOMANYCERA",-1.63,553.5
118,"Pricol Ltd.","PRICOLLTD",-1.69,745.8
119,"Caplin Point Laboratories Limited","CAPLIPOINT",-1.7,2723.1
120,"Marksans Pharma Limited","MARKSANS",-1.71,330.15
121,"Skipper Limited","SKIPPER",-1.78,593.95
122,"Td Power Systems Limited","TDPOWERSYS",-1.78,755.1
123,"Rane (madras) Limited","RML",-1.85,1364.3
124,"Manorama Industries Ltd","MANORAMA",-1.86,2093.3
125,"Renaissance Global Ltd","RGL",-1.87,147.19
126,"JTL Industries Ltd","JTLIND",-1.95,87.8
127,"Elantas Beck India Ltd","ELANTAS",-1.97,13618
128,"Nippon Life India Asset Management Ltd","NAM-INDIA",-2.03,1164.8
129,"Leela Palaces Hotels & Resorts Ltd","THELEELA",-2.04,531.45
130,"Gabriel India Limited","GABRIEL",-2.07,1360.8
131,"KSH International Ltd","KSHINTL",-2.1,1152.05
132,"Bharat Seats Ltd","BHARATSE",-2.14,222
133,"Aeroflex Industries Ltd","AEROFLEX",-2.15,561.15
134,"Aditya Infotech Ltd","CPPLUS",-2.16,3746.1
135,"Engineers India Limited","ENGINERSIN",-2.18,273.1
136,"JNK India Ltd","JNKINDIA",-2.19,430.85
137,"Anand Rathi Wealth Ltd","ANANDRATHI",-2.19,2180.6
138,"Paras Defence and Space Technologies Ltd","PARAS",-2.26,1470
139,"Rategain Travel Technologies Ltd","RATEGAIN",-2.47,841.4
140,"Unimech Aerospace and Manufacturing Ltd","UNIMECH",-2.65,1586.4
141,"ACME Solar Holdings Ltd","ACMESOLAR",-2.67,401.6
142,"Rubicon Research Ltd","RUBICON",-2.69,1810.5
143,"Arfin India Ltd","ARFIN",-2.83,88.77
144,"Nuvama Wealth Management Ltd","NUVAMA",-3,1781.3
145,"Century Enka Limited","CENTENKA",-3.12,570.8
146,"Garware Hi Tech Films Ltd","GRWRHITECH",-3.2,6752.5
147,"Neuland Laboratories Limited","NEULANDLAB",-3.33,23195
148,"Divgi Torqtransfer Systems Ltd","DIVGIITTS",-3.34,1149.6
149,"Man Industries (india) Limited","MANINDS",-3.55,792.55
150,"Netweb Technologies India Ltd","NETWEB",-3.72,4898.5
151,"Edelweiss Financial Services Limited","EDELWEISS",-3.72,133.63
152,"Pearl Global Industries Limited","PGIL",-3.76,2277.9
153,"KRN Heat Exchanger and Refrigeration Ltd","KRN",-3.79,1597.3
154,"DEE Development Engineers Ltd","DEEDEV",-3.83,674.75
155,"Atlanta Electricals Ltd","ATLANTAELE",-3.83,1848.7
156,"MTAR Technologies Ltd","MTARTECH",-3.83,7501
157,"PTC Industries Ltd","PTCIL",-4,22780
158,"Bliss Gvs Pharma Limited","BLISSGVS",-4.08,692.85
159,"SG Mart Ltd","SGMART",-4.52,772.9
160,"Thangamayil Jewellery Limited","THANGAMAYL",-4.63,5118
161,"Cartrade Tech Ltd","CARTRADE",-4.71,3027.1
162,"Sudeep Pharma Ltd","SUDEEPPHRM",-4.98,1277.3
163,"Tribhovandas Bhimji Zaveri Limited","TBZ",-4.99,527.6
164,"Aeroflex Enterprises Ltd","AEROENTER",-6.35,142.95
165,"V-Marc India Ltd","VMARCIND","",""
166,"OBSC Perfection Ltd","OBSCP","",""